YEAR,WEEKDAY,PRICE
2012,Monday,81
2012,Monday,83
2012,Monday,83
2012,Monday,83
2012,Monday,84
2012,Monday,85
2012,Monday,85
2012,Monday,88
2012,Monday,88
2012,Monday,89
2012,Monday,89
2012,Monday,90
2012,Monday,90
2012,Monday,92
2012,Monday,92
2012,Monday,92
2012,Monday,92
2012,Monday,93
2012,Monday,94
2012,Monday,94
2012,Monday,94
2012,Monday,95
2012,Monday,96
2012,Monday,97
2012,Monday,97
2012,Monday,98
2012,Monday,98
2012,Monday,98
2012,Monday,99
2012,Monday,99
2012,Monday,99
2012,Monday,99
2012,Monday,99
2012,Monday,99
2012,Monday,100
2012,Monday,101
2012,Monday,101
2012,Monday,102
2012,Monday,105
2012,Monday,106
2012,Monday,107
2012,Monday,108
2012,Monday,109
2012,Monday,113
2012,Monday,117
2012,Monday,118
2012,Monday,118
2012,Monday,119
2012,Monday,123
2012,Monday,131
2012,Monday,132
2012,Monday,135
2012,Monday,135
2012,Tuesday,81
2012,Tuesday,84
2012,Tuesday,84
2012,Tuesday,85
2012,Tuesday,85
2012,Tuesday,86
2012,Tuesday,87
2012,Tuesday,87
2012,Tuesday,87
2012,Tuesday,87
2012,Tuesday,88
2012,Tuesday,88
2012,Tuesday,90
2012,Tuesday,90
2012,Tuesday,91
2012,Tuesday,91
2012,Tuesday,91
2012,Tuesday,92
2012,Tuesday,93
2012,Tuesday,93
2012,Tuesday,94
2012,Tuesday,94
2012,Tuesday,95
2012,Tuesday,95
2012,Tuesday,95
2012,Tuesday,96
2012,Tuesday,97
2012,Tuesday,98
2012,Tuesday,98
2012,Tuesday,98
2012,Tuesday,98
2012,Tuesday,99
2012,Tuesday,100
2012,Tuesday,100
2012,Tuesday,100
2012,Tuesday,101
2012,Tuesday,101
2012,Tuesday,101
2012,Tuesday,101
2012,Tuesday,102
2012,Tuesday,106
2012,Tuesday,107
2012,Tuesday,113
2012,Tuesday,113
2012,Tuesday,116
2012,Tuesday,117
2012,Tuesday,119
2012,Tuesday,121
2012,Tuesday,121
2012,Tuesday,126
2012,Tuesday,130
2012,Tuesday,134
2012,Tuesday,134
2012,Wednesday,83
2012,Wednesday,84
2012,Wednesday,84
2012,Wednesday,85
2012,Wednesday,85
2012,Wednesday,85
2012,Wednesday,85
2012,Wednesday,86
2012,Wednesday,86
2012,Wednesday,87
2012,Wednesday,87
2012,Wednesday,88
2012,Wednesday,88
2012,Wednesday,88
2012,Wednesday,88
2012,Wednesday,89
2012,Wednesday,89
2012,Wednesday,89
2012,Wednesday,90
2012,Wednesday,91
2012,Wednesday,92
2012,Wednesday,92
2012,Wednesday,92
2012,Wednesday,93
2012,Wednesday,93
2012,Wednesday,94
2012,Wednesday,96
2012,Wednesday,96
2012,Wednesday,97
2012,Wednesday,98
2012,Wednesday,98
2012,Wednesday,98
2012,Wednesday,98
2012,Wednesday,99
2012,Wednesday,99
2012,Wednesday,99
2012,Wednesday,100
2012,Wednesday,103
2012,Wednesday,104
2012,Wednesday,105
2012,Wednesday,106
2012,Wednesday,107
2012,Wednesday,107
2012,Wednesday,112
2012,Wednesday,113
2012,Wednesday,113
2012,Wednesday,121
2012,Wednesday,121
2012,Wednesday,127
2012,Wednesday,127
2012,Wednesday,128
2012,Wednesday,129
2012,Thursday,82
2012,Thursday,82
2012,Thursday,82
2012,Thursday,85
2012,Thursday,85
2012,Thursday,86
2012,Thursday,87
2012,Thursday,88
2012,Thursday,88
2012,Thursday,88
2012,Thursday,89
2012,Thursday,90
2012,Thursday,91
2012,Thursday,91
2012,Thursday,91
2012,Thursday,92
2012,Thursday,92
2012,Thursday,92
2012,Thursday,93
2012,Thursday,93
2012,Thursday,94
2012,Thursday,94
2012,Thursday,95
2012,Thursday,95
2012,Thursday,95
2012,Thursday,95
2012,Thursday,95
2012,Thursday,95
2012,Thursday,95
2012,Thursday,97
2012,Thursday,97
2012,Thursday,98
2012,Thursday,98
2012,Thursday,98
2012,Thursday,99
2012,Thursday,100
2012,Thursday,102
2012,Thursday,102
2012,Thursday,102
2012,Thursday,105
2012,Thursday,106
2012,Thursday,107
2012,Thursday,107
2012,Thursday,107
2012,Thursday,111
2012,Thursday,114
2012,Thursday,114
2012,Thursday,122
2012,Thursday,128
2012,Thursday,130
2012,Thursday,133
2012,Thursday,134
2012,Friday,81
2012,Friday,82
2012,Friday,83
2012,Friday,83
2012,Friday,85
2012,Friday,85
2012,Friday,85
2012,Friday,87
2012,Friday,88
2012,Friday,88
2012,Friday,88
2012,Friday,88
2012,Friday,89
2012,Friday,90
2012,Friday,90
2012,Friday,90
2012,Friday,91
2012,Friday,91
2012,Friday,92
2012,Friday,92
2012,Friday,93
2012,Friday,93
2012,Friday,94
2012,Friday,94
2012,Friday,97
2012,Friday,97
2012,Friday,97
2012,Friday,97
2012,Friday,98
2012,Friday,98
2012,Friday,99
2012,Friday,99
2012,Friday,100
2012,Friday,102
2012,Friday,103
2012,Friday,103
2012,Friday,104
2012,Friday,104
2012,Friday,104
2012,Friday,104
2012,Friday,108
2012,Friday,109
2012,Friday,109
2012,Friday,110
2012,Friday,113
2012,Friday,117
2012,Friday,120
2012,Friday,123
2012,Friday,126
2012,Friday,129
2012,Friday,130
2012,Friday,134
2012,Saturday,87
2012,Saturday,87
2012,Saturday,88
2012,Saturday,88
2012,Saturday,89
2012,Saturday,90
2012,Saturday,90
2012,Saturday,90
2012,Saturday,91
2012,Saturday,91
2012,Saturday,91
2012,Saturday,92
2012,Saturday,92
2012,Saturday,92
2012,Saturday,93
2012,Saturday,93
2012,Saturday,94
2012,Saturday,94
2012,Saturday,94
2012,Saturday,95
2012,Saturday,95
2012,Saturday,95
2012,Saturday,96
2012,Saturday,96
2012,Saturday,97
2012,Saturday,97
2012,Saturday,97
2012,Saturday,97
2012,Saturday,98
2012,Saturday,98
2012,Saturday,98
2012,Saturday,99
2012,Saturday,100
2012,Saturday,100
2012,Saturday,101
2012,Saturday,102
2012,Saturday,103
2012,Saturday,104
2012,Saturday,104
2012,Saturday,104
2012,Saturday,112
2012,Saturday,113
2012,Saturday,115
2012,Saturday,116
2012,Saturday,119
2012,Saturday,119
2012,Saturday,119
2012,Saturday,121
2012,Saturday,124
2012,Saturday,128
2012,Saturday,133
2012,Sunday,84
2012,Sunday,88
2012,Sunday,88
2012,Sunday,88
2012,Sunday,88
2012,Sunday,89
2012,Sunday,89
2012,Sunday,89
2012,Sunday,90
2012,Sunday,90
2012,Sunday,90
2012,Sunday,90
2012,Sunday,90
2012,Sunday,91
2012,Sunday,91
2012,Sunday,91
2012,Sunday,92
2012,Sunday,92
2012,Sunday,92
2012,Sunday,93
2012,Sunday,93
2012,Sunday,93
2012,Sunday,93
2012,Sunday,93
2012,Sunday,93
2012,Sunday,94
2012,Sunday,94
2012,Sunday,95
2012,Sunday,95
2012,Sunday,96
2012,Sunday,97
2012,Sunday,98
2012,Sunday,99
2012,Sunday,99
2012,Sunday,101
2012,Sunday,101
2012,Sunday,101
2012,Sunday,102
2012,Sunday,102
2012,Sunday,102
2012,Sunday,106
2012,Sunday,114
2012,Sunday,115
2012,Sunday,117
2012,Sunday,117
2012,Sunday,118
2012,Sunday,119
2012,Sunday,124
2012,Sunday,125
2012,Sunday,133
2012,Sunday,134
2012,Sunday,139
2013,Monday,86
2013,Monday,87
2013,Monday,89
2013,Monday,89
2013,Monday,89
2013,Monday,93
2013,Monday,93
2013,Monday,93
2013,Monday,93
2013,Monday,93
2013,Monday,94
2013,Monday,94
2013,Monday,94
2013,Monday,94
2013,Monday,94
2013,Monday,95
2013,Monday,96
2013,Monday,96
2013,Monday,96
2013,Monday,97
2013,Monday,98
2013,Monday,98
2013,Monday,99
2013,Monday,99
2013,Monday,101
2013,Monday,102
2013,Monday,102
2013,Monday,102
2013,Monday,103
2013,Monday,103
2013,Monday,103
2013,Monday,103
2013,Monday,104
2013,Monday,105
2013,Monday,105
2013,Monday,106
2013,Monday,107
2013,Monday,107
2013,Monday,108
2013,Monday,109
2013,Monday,110
2013,Monday,114
2013,Monday,115
2013,Monday,115
2013,Monday,117
2013,Monday,120
2013,Monday,125
2013,Monday,131
2013,Monday,132
2013,Monday,132
2013,Monday,139
2013,Monday,144
2013,Tuesday,88
2013,Tuesday,89
2013,Tuesday,90
2013,Tuesday,90
2013,Tuesday,92
2013,Tuesday,92
2013,Tuesday,92
2013,Tuesday,93
2013,Tuesday,93
2013,Tuesday,93
2013,Tuesday,93
2013,Tuesday,94
2013,Tuesday,94
2013,Tuesday,96
2013,Tuesday,97
2013,Tuesday,98
2013,Tuesday,98
2013,Tuesday,99
2013,Tuesday,99
2013,Tuesday,100
2013,Tuesday,101
2013,Tuesday,101
2013,Tuesday,101
2013,Tuesday,101
2013,Tuesday,101
2013,Tuesday,101
2013,Tuesday,101
2013,Tuesday,102
2013,Tuesday,102
2013,Tuesday,102
2013,Tuesday,103
2013,Tuesday,104
2013,Tuesday,104
2013,Tuesday,105
2013,Tuesday,107
2013,Tuesday,108
2013,Tuesday,109
2013,Tuesday,109
2013,Tuesday,110
2013,Tuesday,110
2013,Tuesday,112
2013,Tuesday,113
2013,Tuesday,113
2013,Tuesday,113
2013,Tuesday,117
2013,Tuesday,123
2013,Tuesday,130
2013,Tuesday,132
2013,Tuesday,134
2013,Tuesday,134
2013,Tuesday,135
2013,Tuesday,143
2013,Wednesday,90
2013,Wednesday,91
2013,Wednesday,92
2013,Wednesday,92
2013,Wednesday,93
2013,Wednesday,93
2013,Wednesday,94
2013,Wednesday,94
2013,Wednesday,95
2013,Wednesday,95
2013,Wednesday,95
2013,Wednesday,95
2013,Wednesday,96
2013,Wednesday,96
2013,Wednesday,96
2013,Wednesday,97
2013,Wednesday,97
2013,Wednesday,98
2013,Wednesday,98
2013,Wednesday,98
2013,Wednesday,99
2013,Wednesday,99
2013,Wednesday,99
2013,Wednesday,100
2013,Wednesday,100
2013,Wednesday,101
2013,Wednesday,101
2013,Wednesday,102
2013,Wednesday,103
2013,Wednesday,103
2013,Wednesday,104
2013,Wednesday,104
2013,Wednesday,105
2013,Wednesday,106
2013,Wednesday,106
2013,Wednesday,107
2013,Wednesday,107
2013,Wednesday,108
2013,Wednesday,108
2013,Wednesday,109
2013,Wednesday,109
2013,Wednesday,111
2013,Wednesday,113
2013,Wednesday,115
2013,Wednesday,117
2013,Wednesday,118
2013,Wednesday,118
2013,Wednesday,118
2013,Wednesday,131
2013,Wednesday,131
2013,Wednesday,136
2013,Wednesday,137
2013,Wednesday,140
2013,Thursday,88
2013,Thursday,88
2013,Thursday,89
2013,Thursday,89
2013,Thursday,90
2013,Thursday,90
2013,Thursday,91
2013,Thursday,92
2013,Thursday,93
2013,Thursday,94
2013,Thursday,94
2013,Thursday,95
2013,Thursday,95
2013,Thursday,95
2013,Thursday,95
2013,Thursday,97
2013,Thursday,97
2013,Thursday,98
2013,Thursday,99
2013,Thursday,99
2013,Thursday,99
2013,Thursday,100
2013,Thursday,100
2013,Thursday,101
2013,Thursday,101
2013,Thursday,101
2013,Thursday,102
2013,Thursday,102
2013,Thursday,102
2013,Thursday,103
2013,Thursday,103
2013,Thursday,104
2013,Thursday,104
2013,Thursday,104
2013,Thursday,104
2013,Thursday,105
2013,Thursday,105
2013,Thursday,105
2013,Thursday,105
2013,Thursday,109
2013,Thursday,109
2013,Thursday,110
2013,Thursday,113
2013,Thursday,114
2013,Thursday,116
2013,Thursday,116
2013,Thursday,118
2013,Thursday,129
2013,Thursday,132
2013,Thursday,135
2013,Thursday,137
2013,Thursday,138
2013,Friday,86
2013,Friday,88
2013,Friday,89
2013,Friday,90
2013,Friday,91
2013,Friday,92
2013,Friday,92
2013,Friday,93
2013,Friday,93
2013,Friday,93
2013,Friday,94
2013,Friday,94
2013,Friday,94
2013,Friday,95
2013,Friday,96
2013,Friday,96
2013,Friday,96
2013,Friday,97
2013,Friday,97
2013,Friday,97
2013,Friday,98
2013,Friday,98
2013,Friday,99
2013,Friday,99
2013,Friday,99
2013,Friday,99
2013,Friday,100
2013,Friday,101
2013,Friday,102
2013,Friday,102
2013,Friday,103
2013,Friday,104
2013,Friday,104
2013,Friday,104
2013,Friday,105
2013,Friday,105
2013,Friday,105
2013,Friday,105
2013,Friday,106
2013,Friday,108
2013,Friday,108
2013,Friday,108
2013,Friday,118
2013,Friday,119
2013,Friday,122
2013,Friday,124
2013,Friday,127
2013,Friday,130
2013,Friday,134
2013,Friday,139
2013,Friday,140
2013,Friday,144
2013,Saturday,91
2013,Saturday,91
2013,Saturday,94
2013,Saturday,94
2013,Saturday,94
2013,Saturday,95
2013,Saturday,96
2013,Saturday,96
2013,Saturday,96
2013,Saturday,96
2013,Saturday,97
2013,Saturday,97
2013,Saturday,97
2013,Saturday,98
2013,Saturday,98
2013,Saturday,98
2013,Saturday,100
2013,Saturday,100
2013,Saturday,100
2013,Saturday,100
2013,Saturday,101
2013,Saturday,101
2013,Saturday,102
2013,Saturday,102
2013,Saturday,102
2013,Saturday,102
2013,Saturday,103
2013,Saturday,103
2013,Saturday,104
2013,Saturday,104
2013,Saturday,105
2013,Saturday,105
2013,Saturday,105
2013,Saturday,105
2013,Saturday,106
2013,Saturday,107
2013,Saturday,107
2013,Saturday,107
2013,Saturday,108
2013,Saturday,108
2013,Saturday,110
2013,Saturday,111
2013,Saturday,113
2013,Saturday,115
2013,Saturday,120
2013,Saturday,124
2013,Saturday,124
2013,Saturday,128
2013,Saturday,138
2013,Saturday,144
2013,Saturday,147
2013,Saturday,157
2013,Sunday,88
2013,Sunday,91
2013,Sunday,91
2013,Sunday,92
2013,Sunday,92
2013,Sunday,93
2013,Sunday,93
2013,Sunday,94
2013,Sunday,94
2013,Sunday,94
2013,Sunday,94
2013,Sunday,94
2013,Sunday,94
2013,Sunday,95
2013,Sunday,95
2013,Sunday,95
2013,Sunday,95
2013,Sunday,95
2013,Sunday,96
2013,Sunday,96
2013,Sunday,96
2013,Sunday,97
2013,Sunday,97
2013,Sunday,97
2013,Sunday,97
2013,Sunday,97
2013,Sunday,99
2013,Sunday,100
2013,Sunday,100
2013,Sunday,101
2013,Sunday,101
2013,Sunday,101
2013,Sunday,101
2013,Sunday,102
2013,Sunday,102
2013,Sunday,104
2013,Sunday,105
2013,Sunday,105
2013,Sunday,106
2013,Sunday,108
2013,Sunday,108
2013,Sunday,108
2013,Sunday,111
2013,Sunday,111
2013,Sunday,120
2013,Sunday,122
2013,Sunday,123
2013,Sunday,129
2013,Sunday,134
2013,Sunday,141
2013,Sunday,142
2013,Sunday,152
2014,Monday,98
2014,Monday,99
2014,Monday,99
2014,Monday,100
2014,Monday,103
2014,Monday,104
2014,Monday,104
2014,Monday,105
2014,Monday,106
2014,Monday,106
2014,Monday,106
2014,Monday,108
2014,Monday,108
2014,Monday,109
2014,Monday,110
2014,Monday,110
2014,Monday,111
2014,Monday,111
2014,Monday,111
2014,Monday,111
2014,Monday,112
2014,Monday,112
2014,Monday,112
2014,Monday,112
2014,Monday,112
2014,Monday,113
2014,Monday,113
2014,Monday,114
2014,Monday,114
2014,Monday,114
2014,Monday,116
2014,Monday,116
2014,Monday,116
2014,Monday,117
2014,Monday,118
2014,Monday,119
2014,Monday,120
2014,Monday,123
2014,Monday,124
2014,Monday,125
2014,Monday,126
2014,Monday,126
2014,Monday,130
2014,Monday,135
2014,Monday,137
2014,Monday,138
2014,Monday,139
2014,Monday,140
2014,Monday,147
2014,Monday,151
2014,Monday,153
2014,Monday,157
2014,Tuesday,100
2014,Tuesday,103
2014,Tuesday,103
2014,Tuesday,103
2014,Tuesday,104
2014,Tuesday,106
2014,Tuesday,106
2014,Tuesday,107
2014,Tuesday,107
2014,Tuesday,107
2014,Tuesday,107
2014,Tuesday,109
2014,Tuesday,109
2014,Tuesday,109
2014,Tuesday,109
2014,Tuesday,109
2014,Tuesday,110
2014,Tuesday,110
2014,Tuesday,111
2014,Tuesday,113
2014,Tuesday,114
2014,Tuesday,114
2014,Tuesday,114
2014,Tuesday,114
2014,Tuesday,115
2014,Tuesday,115
2014,Tuesday,115
2014,Tuesday,116
2014,Tuesday,116
2014,Tuesday,116
2014,Tuesday,118
2014,Tuesday,118
2014,Tuesday,119
2014,Tuesday,120
2014,Tuesday,120
2014,Tuesday,121
2014,Tuesday,122
2014,Tuesday,122
2014,Tuesday,122
2014,Tuesday,123
2014,Tuesday,126
2014,Tuesday,127
2014,Tuesday,132
2014,Tuesday,136
2014,Tuesday,138
2014,Tuesday,141
2014,Tuesday,143
2014,Tuesday,143
2014,Tuesday,144
2014,Tuesday,153
2014,Tuesday,158
2014,Tuesday,159
2014,Wednesday,98
2014,Wednesday,101
2014,Wednesday,103
2014,Wednesday,103
2014,Wednesday,106
2014,Wednesday,106
2014,Wednesday,108
2014,Wednesday,108
2014,Wednesday,108
2014,Wednesday,108
2014,Wednesday,108
2014,Wednesday,108
2014,Wednesday,110
2014,Wednesday,110
2014,Wednesday,111
2014,Wednesday,112
2014,Wednesday,112
2014,Wednesday,112
2014,Wednesday,113
2014,Wednesday,113
2014,Wednesday,113
2014,Wednesday,113
2014,Wednesday,113
2014,Wednesday,114
2014,Wednesday,114
2014,Wednesday,115
2014,Wednesday,115
2014,Wednesday,116
2014,Wednesday,116
2014,Wednesday,116
2014,Wednesday,117
2014,Wednesday,117
2014,Wednesday,118
2014,Wednesday,118
2014,Wednesday,118
2014,Wednesday,119
2014,Wednesday,120
2014,Wednesday,121
2014,Wednesday,124
2014,Wednesday,127
2014,Wednesday,129
2014,Wednesday,131
2014,Wednesday,132
2014,Wednesday,134
2014,Wednesday,138
2014,Wednesday,139
2014,Wednesday,140
2014,Wednesday,141
2014,Wednesday,146
2014,Wednesday,153
2014,Wednesday,158
2014,Wednesday,160
2014,Thursday,97
2014,Thursday,99
2014,Thursday,102
2014,Thursday,102
2014,Thursday,102
2014,Thursday,103
2014,Thursday,103
2014,Thursday,105
2014,Thursday,106
2014,Thursday,107
2014,Thursday,107
2014,Thursday,107
2014,Thursday,108
2014,Thursday,109
2014,Thursday,110
2014,Thursday,111
2014,Thursday,111
2014,Thursday,112
2014,Thursday,112
2014,Thursday,113
2014,Thursday,113
2014,Thursday,114
2014,Thursday,115
2014,Thursday,115
2014,Thursday,116
2014,Thursday,116
2014,Thursday,116
2014,Thursday,117
2014,Thursday,117
2014,Thursday,118
2014,Thursday,118
2014,Thursday,119
2014,Thursday,119
2014,Thursday,120
2014,Thursday,120
2014,Thursday,120
2014,Thursday,122
2014,Thursday,123
2014,Thursday,124
2014,Thursday,124
2014,Thursday,130
2014,Thursday,131
2014,Thursday,133
2014,Thursday,137
2014,Thursday,139
2014,Thursday,140
2014,Thursday,141
2014,Thursday,143
2014,Thursday,144
2014,Thursday,147
2014,Thursday,153
2014,Thursday,163
2014,Thursday,166
2014,Friday,98
2014,Friday,100
2014,Friday,100
2014,Friday,102
2014,Friday,103
2014,Friday,103
2014,Friday,104
2014,Friday,104
2014,Friday,105
2014,Friday,105
2014,Friday,106
2014,Friday,108
2014,Friday,108
2014,Friday,108
2014,Friday,109
2014,Friday,109
2014,Friday,110
2014,Friday,110
2014,Friday,111
2014,Friday,111
2014,Friday,112
2014,Friday,112
2014,Friday,113
2014,Friday,114
2014,Friday,115
2014,Friday,115
2014,Friday,115
2014,Friday,116
2014,Friday,116
2014,Friday,116
2014,Friday,117
2014,Friday,117
2014,Friday,119
2014,Friday,120
2014,Friday,120
2014,Friday,121
2014,Friday,125
2014,Friday,125
2014,Friday,127
2014,Friday,128
2014,Friday,134
2014,Friday,134
2014,Friday,134
2014,Friday,138
2014,Friday,141
2014,Friday,142
2014,Friday,143
2014,Friday,148
2014,Friday,149
2014,Friday,155
2014,Friday,159
2014,Friday,162
2014,Saturday,99
2014,Saturday,100
2014,Saturday,104
2014,Saturday,104
2014,Saturday,105
2014,Saturday,105
2014,Saturday,106
2014,Saturday,106
2014,Saturday,107
2014,Saturday,108
2014,Saturday,108
2014,Saturday,109
2014,Saturday,109
2014,Saturday,109
2014,Saturday,110
2014,Saturday,110
2014,Saturday,111
2014,Saturday,111
2014,Saturday,112
2014,Saturday,112
2014,Saturday,113
2014,Saturday,113
2014,Saturday,113
2014,Saturday,113
2014,Saturday,113
2014,Saturday,113
2014,Saturday,114
2014,Saturday,114
2014,Saturday,115
2014,Saturday,116
2014,Saturday,117
2014,Saturday,117
2014,Saturday,117
2014,Saturday,118
2014,Saturday,119
2014,Saturday,119
2014,Saturday,121
2014,Saturday,122
2014,Saturday,126
2014,Saturday,126
2014,Saturday,127
2014,Saturday,133
2014,Saturday,136
2014,Saturday,142
2014,Saturday,142
2014,Saturday,145
2014,Saturday,145
2014,Saturday,147
2014,Saturday,156
2014,Saturday,160
2014,Saturday,165
2014,Saturday,166
2014,Sunday,102
2014,Sunday,102
2014,Sunday,103
2014,Sunday,104
2014,Sunday,105
2014,Sunday,105
2014,Sunday,105
2014,Sunday,106
2014,Sunday,107
2014,Sunday,107
2014,Sunday,108
2014,Sunday,108
2014,Sunday,109
2014,Sunday,109
2014,Sunday,109
2014,Sunday,110
2014,Sunday,110
2014,Sunday,110
2014,Sunday,112
2014,Sunday,112
2014,Sunday,112
2014,Sunday,113
2014,Sunday,113
2014,Sunday,113
2014,Sunday,114
2014,Sunday,114
2014,Sunday,114
2014,Sunday,115
2014,Sunday,116
2014,Sunday,117
2014,Sunday,117
2014,Sunday,118
2014,Sunday,119
2014,Sunday,120
2014,Sunday,120
2014,Sunday,122
2014,Sunday,125
2014,Sunday,126
2014,Sunday,129
2014,Sunday,129
2014,Sunday,131
2014,Sunday,137
2014,Sunday,139
2014,Sunday,140
2014,Sunday,141
2014,Sunday,141
2014,Sunday,144
2014,Sunday,144
2014,Sunday,155
2014,Sunday,160
2014,Sunday,160
2014,Sunday,162
2015,Monday,101
2015,Monday,105
2015,Monday,109
2015,Monday,111
2015,Monday,111
2015,Monday,111
2015,Monday,113
2015,Monday,114
2015,Monday,114
2015,Monday,114
2015,Monday,115
2015,Monday,115
2015,Monday,116
2015,Monday,116
2015,Monday,116
2015,Monday,117
2015,Monday,117
2015,Monday,117
2015,Monday,118
2015,Monday,118
2015,Monday,118
2015,Monday,119
2015,Monday,119
2015,Monday,120
2015,Monday,121
2015,Monday,123
2015,Monday,123
2015,Monday,123
2015,Monday,125
2015,Monday,125
2015,Monday,126
2015,Monday,126
2015,Monday,127
2015,Monday,129
2015,Monday,129
2015,Monday,129
2015,Monday,131
2015,Monday,132
2015,Monday,133
2015,Monday,133
2015,Monday,136
2015,Monday,138
2015,Monday,141
2015,Monday,147
2015,Monday,148
2015,Monday,152
2015,Monday,159
2015,Monday,162
2015,Monday,162
2015,Monday,169
2015,Monday,170
2015,Monday,171
2015,Tuesday,105
2015,Tuesday,108
2015,Tuesday,110
2015,Tuesday,110
2015,Tuesday,111
2015,Tuesday,111
2015,Tuesday,111
2015,Tuesday,111
2015,Tuesday,114
2015,Tuesday,115
2015,Tuesday,117
2015,Tuesday,118
2015,Tuesday,118
2015,Tuesday,118
2015,Tuesday,119
2015,Tuesday,120
2015,Tuesday,120
2015,Tuesday,120
2015,Tuesday,121
2015,Tuesday,121
2015,Tuesday,122
2015,Tuesday,123
2015,Tuesday,123
2015,Tuesday,123
2015,Tuesday,123
2015,Tuesday,123
2015,Tuesday,124
2015,Tuesday,124
2015,Tuesday,125
2015,Tuesday,125
2015,Tuesday,126
2015,Tuesday,126
2015,Tuesday,126
2015,Tuesday,126
2015,Tuesday,128
2015,Tuesday,128
2015,Tuesday,129
2015,Tuesday,134
2015,Tuesday,136
2015,Tuesday,138
2015,Tuesday,143
2015,Tuesday,144
2015,Tuesday,144
2015,Tuesday,146
2015,Tuesday,155
2015,Tuesday,161
2015,Tuesday,163
2015,Tuesday,164
2015,Tuesday,167
2015,Tuesday,172
2015,Tuesday,176
2015,Tuesday,182
2015,Wednesday,110
2015,Wednesday,112
2015,Wednesday,112
2015,Wednesday,113
2015,Wednesday,114
2015,Wednesday,115
2015,Wednesday,115
2015,Wednesday,117
2015,Wednesday,118
2015,Wednesday,118
2015,Wednesday,118
2015,Wednesday,118
2015,Wednesday,119
2015,Wednesday,120
2015,Wednesday,120
2015,Wednesday,120
2015,Wednesday,122
2015,Wednesday,122
2015,Wednesday,122
2015,Wednesday,123
2015,Wednesday,123
2015,Wednesday,123
2015,Wednesday,124
2015,Wednesday,124
2015,Wednesday,124
2015,Wednesday,125
2015,Wednesday,126
2015,Wednesday,126
2015,Wednesday,127
2015,Wednesday,127
2015,Wednesday,128
2015,Wednesday,128
2015,Wednesday,129
2015,Wednesday,129
2015,Wednesday,130
2015,Wednesday,132
2015,Wednesday,136
2015,Wednesday,139
2015,Wednesday,139
2015,Wednesday,140
2015,Wednesday,141
2015,Wednesday,141
2015,Wednesday,141
2015,Wednesday,147
2015,Wednesday,154
2015,Wednesday,160
2015,Wednesday,164
2015,Wednesday,165
2015,Wednesday,171
2015,Wednesday,176
2015,Wednesday,177
2015,Wednesday,186
2015,Thursday,109
2015,Thursday,110
2015,Thursday,112
2015,Thursday,113
2015,Thursday,114
2015,Thursday,114
2015,Thursday,114
2015,Thursday,115
2015,Thursday,117
2015,Thursday,117
2015,Thursday,118
2015,Thursday,120
2015,Thursday,120
2015,Thursday,121
2015,Thursday,121
2015,Thursday,122
2015,Thursday,123
2015,Thursday,123
2015,Thursday,124
2015,Thursday,124
2015,Thursday,125
2015,Thursday,126
2015,Thursday,127
2015,Thursday,127
2015,Thursday,128
2015,Thursday,128
2015,Thursday,129
2015,Thursday,129
2015,Thursday,129
2015,Thursday,130
2015,Thursday,131
2015,Thursday,131
2015,Thursday,132
2015,Thursday,132
2015,Thursday,132
2015,Thursday,134
2015,Thursday,134
2015,Thursday,136
2015,Thursday,138
2015,Thursday,138
2015,Thursday,139
2015,Thursday,147
2015,Thursday,151
2015,Thursday,151
2015,Thursday,154
2015,Thursday,160
2015,Thursday,160
2015,Thursday,163
2015,Thursday,170
2015,Thursday,182
2015,Thursday,188
2015,Thursday,188
2015,Friday,106
2015,Friday,112
2015,Friday,112
2015,Friday,112
2015,Friday,113
2015,Friday,115
2015,Friday,115
2015,Friday,116
2015,Friday,117
2015,Friday,117
2015,Friday,117
2015,Friday,118
2015,Friday,119
2015,Friday,119
2015,Friday,119
2015,Friday,119
2015,Friday,119
2015,Friday,122
2015,Friday,123
2015,Friday,123
2015,Friday,124
2015,Friday,124
2015,Friday,124
2015,Friday,125
2015,Friday,125
2015,Friday,125
2015,Friday,125
2015,Friday,125
2015,Friday,127
2015,Friday,127
2015,Friday,129
2015,Friday,129
2015,Friday,130
2015,Friday,130
2015,Friday,132
2015,Friday,132
2015,Friday,133
2015,Friday,138
2015,Friday,139
2015,Friday,139
2015,Friday,145
2015,Friday,145
2015,Friday,146
2015,Friday,148
2015,Friday,154
2015,Friday,158
2015,Friday,161
2015,Friday,163
2015,Friday,165
2015,Friday,168
2015,Friday,189
2015,Friday,190
2015,Friday,193
2015,Saturday,111
2015,Saturday,111
2015,Saturday,113
2015,Saturday,115
2015,Saturday,115
2015,Saturday,116
2015,Saturday,116
2015,Saturday,116
2015,Saturday,117
2015,Saturday,118
2015,Saturday,118
2015,Saturday,118
2015,Saturday,118
2015,Saturday,118
2015,Saturday,118
2015,Saturday,119
2015,Saturday,119
2015,Saturday,120
2015,Saturday,121
2015,Saturday,121
2015,Saturday,121
2015,Saturday,123
2015,Saturday,124
2015,Saturday,124
2015,Saturday,125
2015,Saturday,125
2015,Saturday,125
2015,Saturday,126
2015,Saturday,126
2015,Saturday,127
2015,Saturday,128
2015,Saturday,129
2015,Saturday,129
2015,Saturday,130
2015,Saturday,130
2015,Saturday,132
2015,Saturday,133
2015,Saturday,137
2015,Saturday,137
2015,Saturday,142
2015,Saturday,144
2015,Saturday,146
2015,Saturday,147
2015,Saturday,158
2015,Saturday,161
2015,Saturday,161
2015,Saturday,163
2015,Saturday,165
2015,Saturday,190
2015,Saturday,191
2015,Saturday,192
2015,Saturday,281
2015,Sunday,113
2015,Sunday,114
2015,Sunday,115
2015,Sunday,116
2015,Sunday,116
2015,Sunday,117
2015,Sunday,117
2015,Sunday,117
2015,Sunday,117
2015,Sunday,118
2015,Sunday,119
2015,Sunday,119
2015,Sunday,120
2015,Sunday,120
2015,Sunday,121
2015,Sunday,121
2015,Sunday,121
2015,Sunday,121
2015,Sunday,121
2015,Sunday,122
2015,Sunday,122
2015,Sunday,123
2015,Sunday,123
2015,Sunday,123
2015,Sunday,123
2015,Sunday,124
2015,Sunday,124
2015,Sunday,125
2015,Sunday,126
2015,Sunday,126
2015,Sunday,128
2015,Sunday,128
2015,Sunday,130
2015,Sunday,132
2015,Sunday,132
2015,Sunday,135
2015,Sunday,136
2015,Sunday,136
2015,Sunday,137
2015,Sunday,138
2015,Sunday,140
2015,Sunday,146
2015,Sunday,150
2015,Sunday,156
2015,Sunday,159
2015,Sunday,161
2015,Sunday,165
2015,Sunday,169
2015,Sunday,182
2015,Sunday,184
2015,Sunday,186
2015,Sunday,188
